ICAO,Full Name,Receiver callsign,Altitude max,Latitude min,Latitude max,Longitude min,Longitude max,Airfield altitude,Password,Country,APRS callsign,Comment
EBKH,Balen Keiheuvel,EBKH,740,51.17558,51.1859,5.20555,5.23645,40,,EB,,
EBBT,Brasschaat,EBBT,723,51.33017,51.35665,4.48602,4.52237,23,,EB,,
EBDT,Diest Schaffen,EBDT,730,50.99792,51.01076,5.0477,5.07746,30,,EB,,
EBNM,Namur - Suarlee,EBNM,881,50.48463,50.49427,4.75761,4.78038 ,181,,EB,,
EBTY,Tournai / Maubray,EBTY,749,50.5262,50.53666,3.48087,3.51177 ,49,,EB,EBTY|TestFabe,
EBWE,Weelde,EBWE,732,51.38047,51.40757,4.9221,4.99471,32,,EB,Weelde,
EBZR,Zoersel,EBZR,716,51.2511,51.28014,4.72632,4.78073,16,,EB,,
ARNSB,Arnsberg-Ruhrwiese,Arnsberg,884,51.38216,51.39536,8.0522,8.064,184,,ED,,
EDMA,Augsburg,EDMA,1162,48.41229,48.43413,10.90909,10.95372,462,,ED,,
EDRA,Bad Neuenahr Ahrweiler,EDRA,905,50.5553,50.5618,7.1245,7.1451,205,,ED,,
EDMC,Blaubeuren,EDMC,1500,48.41410,48.42502,9.78299,9.813895,676,,ED,,
BOHL,Bohlhof,Bohlhof,1260,47.64399,47.65773,8.3759,8.39611,560,Glka3G4kakKT.,ED,,
EDKB,Bonn-Hangelar,EDKB,760,50.76089,50.77834,7.141187,7.18444,60,,ED,,
EDVE,Braunschweig-Wolfsburg,EDVE,790,52.30893,52.32905,10.52882,10.57774,90,,ED,,
EDGB,Breitscheid,EDGB,1259,50.6732,50.68151,8.15952,8.17868,559,,ED,,
EDQE,Burg Feuerstein,EDQE,1210,49.78933,49.79613,11.12425,11.14234,510,,ED,,
EDVC,Celle-Arloh,EDVC,763,52.6813,52.693,10.10065,10.12013,63,,ED,,
CELL,Celle-Scheuen,EDVC,755,52.66731,52.67129,10.07655,10.0998,55,,ED,,
EDMD,Dachau-Gröbenried,EDMD,1190,48.22591,48.2308,11.41459,11.43054,490,,ED,,
EDPD,Dingolfing,EDPD|Edpd,1055,48.65454,48.6594,12.49023,12.50596,355,,ED,EDPD,
EDTD,Donaueschingen,EDTD,1380,47.96635,47.98276,8.51159,8.52721,680,,ED,,
EDNE,Erbach,EDNE,1175,48.33617,48.34696,9.91051,9.92117,475,,ED,,
EDPT,Gerstetten,EDPT,1302,48.61,48.6248,10.04425,10.071395,602,,ED,,
EDLG,Goch-Asperden,EDLG,716,51.68631,51.696414,6.0874,6.1183056,16,,ED,,
EDSG,Grabenstetten,EDSG,1410,48.52,48.54,9.41,9.45,710,,ED,,
EDST,Hahnweide,EDST,1056,48.6241,48.6376,9.41047,9.445 ,356,,ED,,
EDVH,Hodenhagen,EDVH,724,52.75459,52.77451,9.59434,9.62983 ,24,,ED,,
HOYA,Hoya,HoyaFlpl,715,52.80523,52.82069,9.14416,9.18205 ,15,,ED,HoyaFlpl|HoyaFlPl,"Attention, enregistré dans le wiki comme HoyaFlPl"
ISER,Iserlohn,Iserlohn,854,51.4305,51.44165,7.69109,7.70871 ,154,,ED,,
EDWJ,Juist,EDWJ,702,53.67761,53.68318,7.04817,7.06534 ,2,,ED,,
KAME,Kamen-Heeren,Kamen,962,51.58551,51.59574,7.69409,7.72499 ,62,,ED,,
EDCI,Klix,EDCI,848,51.26202,51.28471,14.48757,14.52328 ,148,,ED,,
KOEND,Koenigsdorf,Koenigsdf,1301,47.82641,47.83135,11.45264,11.47464 ,601,,ED,,
LANGE,Langenfeld,Langenfld,780,51.13626,51.14453,6.97467,6.99574 ,80,,ED,,
EDKL,Leverkusen,EDKL,748,51.00895,51.02079,6.999,7.01406,48,,ED,,
EDQL,Lichtenfels,EDQL,960,50.14171,50.15317,11.03723,11.05584,260,,ED,,
MONCH,Mönchsheide,Monchshei,905,50.50462,50.51491,7.24319,7.26705,205,,ED,,
EDPI,Moosburg,EDPI,1121,48.45183,48.4626,11.9326,11.951,421,,ED,,
EDDG,Munster / Osnabruck,EDDG,749,52.12582,52.14305,7.65476,7.7109,49,,ED,,
MUSB,Musbach,Musbach,1405,48.49385,48.51118,8.4702417,8.486485,705,,ED,,
EDTN,Nabern/Teck,EDTN,1070,48.6048,48.6176,9.4671,9.4839 ,370,,ED,,
EDWN,Nordhorn-Lingen,EDWN|MEPTEST,726,52.4510,52.4652,7.1681,7.1979,26,,ED,EDWN,
EDQO,Ottengrüner Heide,EDQO,1273,50.2246282546,50.2272013603,11.7271864414,11.7362429202,573,,ED,,
EDTQ,Pattonville,EDTQ,979,48.85881,48.86964,9.20921,9.24011 ,279,,ED,,
Pohlheim,Pohlheim,Pohlheim,936,50.5316150543,50.5328767022,8.728043,8.7407130003,236,,ED,,
EDFR,Rothenburg,EDFR,1099,49.38309,49.39416,10.21236,10.22399 ,399,,ED,,
EDTY,Schwabisch Hall,EDTY,1100,49.11507,49.1211,9.76887,9.79728,400,,ED,,
EDLD,Schwarze Heide,EDLD,766,51.60982,51.62249,6.83999,6.88119,66,,ED,,
EDLS,Stadtlohn,EDLS,748,51.99218,51.99908,6.82864,6.85208,48,,ED,,
TARMS,Tarmstedt,Tarmstedt,741,53.24571,53.25594,9.09479,9.12069 ,41,,ED,,
TIRS,Tirschenreuth,Tirschenr,1190,49.871299,49.879043,12.31411,12.33368 ,490,,ED,,
UNTER,Unterwössen,Uwoessen|UWoessen3,1255,47.72564,47.73572,12.42701,12.45022 ,555,,ED,UWoessen|UWoessen2|UWoessen3,
VEIL,Vielbrunn,Vielbrunn,1103,49.71015,49.72813,9.07142,9.08959 ,461,,ED,,
EDEW,Walldurn,EDEW,1103,49.577,49.586,9.389,9.412,403,,ED,,
EDER,Wasserkuppe,EDER,1602,50.49179,50.50151,9.94049,9.962678,902,,ED,,
EDQW,Weiden-Opf,EDQW,1105,49.67523,49.68242,12.11198,12.12167,405,,ED,,
EDNW,Weissenhorn,EDNW,1200,48.28667,48.29147,10.12956,10.1494,500,,ED,,
EDLX,Wesel,EDLX,722,51.6577,51.66791,6.58123,6.61213,22,,ED,,
EFHP,Haapavesi,EFHP,796,64.10695,64.11594,25.49233,25.52134,96,,EF,,
EFHV,Hyvinkaa,EFHV,831,60.64632,60.66407,24.85802,24.90416 ,131,,EF,,
EFJM,Jamijarvi,EFJM,854,61.76707,61.78379,22.69332,22.72765 ,154,,EF,,
EFME,Menkijarvi,EFME,801,62.94008,62.95219,23.50186,23.53018,101,,EF,,
EFNU,Nummela,EFNU,812,60.32471,60.34066,24.27825,24.31374 ,112,,EF,,
EFOP,Oripaa,EFOP,801,60.86709,60.88192,22.7266,22.7572 ,101,,EF,,
EFRY,Rayskala,EFRY,824,60.73876,60.75214,24.08811,24.12652 ,124,,EF,,
EFSE,Selanpaa,EFSE,827,61.05699,61.07005,26.78203,26.81258,127,,EF,,
EFTS,Teisko,EFTS,850,61.76733,61.77936,24.00673,24.04718 ,150,,EF,,
ABOY,Aboyne,UKABO,840,57.07191,57.07745,-2.85071,-2.83011,140,,EG,,
ASTO,Aston Down,UKAST,883,51.69562,51.72154,-2.15553,-2.11107,183,,EG,,
EGDD,Bicester,EGDD|UKBIC|Bicester,781,51.9103,51.92477,-1.14177,-1.11699,81,,EG,UKBIC|Bicester,
UKCHP,Chipping,UKCHP,890,53.88139,53.887841,-2.63071,-2.60936,190,,EG,,
DUNS,Dunstable,UKDUN|UKDUN2,850,51.861056,51.87608,-0.562687,-0.533418,150,,EG,Totternho|UKDUN2,
EAST,Easterton,UKEAS|HGC,810,57.58192,57.591068,-3.32783,-3.296936,110,,EG,UKEAS,
UKFES,Feshiebridge,UKFES,970,57.09638,57.10808,-3.89767,-3.88505,270,,EG,,
GRAN,Gransden Lodge Airfield,UKGRL,773,52.172092,52.188959,-0.12695,-0.10283,73,,EG,,
EGWN,Halton,EGWN,810,51.78232,51.80248,-0.75555,-0.72229 ,110,,EG,,
HUSB,Husbands Bosworth,Husbos,856,52.428046,52.445941,-1.05931,-1.01863 ,156,,EG,,
EGBP,Kemble,EGBP,833,51.66166,51.67333,-2.07637,-2.03723 ,133,,EG,,
KIRT,Kirton In Lindsey,UKKIR,760,53.45239,53.47199,-0.59791,-0.55499 ,60,,EG,,
EGHL,Lasham,EGHL,888,51.17441,51.19580,-1.05527,-1.00849 ,188,,EG,,
EGHF,Lee On The Solent,EGHF,710,50.80792,50.82338,-1.22091,-1.18905 ,10,,EG,,
MFLD,Milfield,UKmil,745,55.5811,55.5997,-2.10715,-2.0699,45,,EG,,
MYND,Mynd,Mynd,1115,52.50329,52.52912,-2.89879,-2.86098,415,,EG,,
NHL,North Hill,UKNHL,980,50.84547,50.85676,-3.29046,-3.25986 ,280,,EG,,
NYMP,Nympsfield,UKAST,910,51.70906,51.71911,-2.30065,-2.269754 ,210,,EG,,
UKPAR,Parham,UKPAR,732,50.91835,50.93022,-0.48332,-0.46597 ,32,,EG,,
POCK,Pocklington,UKPOC,727,53.91052,53.94206,-0.8294,-0.77163 ,27,,EG,,
PORT,Portmoak,Portmoak,810,56.184498,56.197309,-3.34453,-3.313957 ,110,,EG,,
UKRUF,Rufforth,UKRUF,720,53.93917,53.95605,-1.19785,-1.16839 ,20,,EG,,
SALT,Saltby,SALTBY,848,52.81813,52.83875,-0.73787,-0.68942,148,,EG,,
SEIG,Seighford,UKSE2,798,52.82326,52.83321,-2.21943,-2.18854,98,,EG,,
SUTT,Sutton Bank,SuttonBnk,990,54.2219,54.240428,-1.22449,-1.19759 ,290,,EG,,
UKTAL,Talgarth,UKTAL,996,51.9776,51.98458,-3.21067,-3.20111 ,296,,EG,,
UKPRK,The Park,UKPRK,911,51.12443,51.13392,-2.26132,-2.23278 ,211,,EG,,
UKUSK,Usk,UKUSK,724,51.7162,51.72274,-2.86385,-2.8398 ,24,,EG,,
WEST,Weston On The Green,UKWOG|Bicester,778,51.868923,51.889031,-1.24235,-1.20042,78,,EG,UKWOG|Bicester,
EGTB,Wycombe Air Park / Booker,EGTB|Booker,858,51.60505,51.61511,-0.817,-0.799,158,,EG,Booker,
EHDL,Deelen,EHDL,745,52.0425,52.07636,5.85792,5.89667,45,,EH,,
DVOO,Devoorst,DeVoorst,701,52.6813,52.68835,5.89866,5.92218,1,,EH,,
EHGR,Gilze-Rijen,EHGR,715,51.54732,51.58251,4.89347,4.96355,15,,EH,,
EHHV,Hilversum,EHHV,701,52.18369,52.20033,5.12943,5.1626 ,1,,EH,,
EHHO,Hoogeveen,EHHO,712,52.72185,52.74032,6.49315,6.54207 ,12,,EH,,
EHLW,Leeuwarden,EHLW,701,53.21586,53.23501,5.73044,5.77453 ,1,,EH,EHLW2,
NISTELRODE,Nistelrode,Nistelr,708,51.67911,51.6874,5.53637,5.56245 ,8,,EH,,
EHSL,Salland,salland,703,52.46507,52.47102,6.31755,6.34665,3,,EH,,
EHSB,Soesterberg,EHSB,721,52.12006,52.1459,5.24022,5.31206,21,,EH,,
EHTL,Terlet,EHTL,784,52.05235,52.06958,5.90814,5.94258 ,84,,EH,,
EHTE,Teuge,EHTE,705,52.23923,52.24732,6.03629,6.06650 ,5,,EH,,
VEEN,Veendam,Veendam,701,53.07735,53.09261,6.79723,6.84589 ,1,,EH,,
EHWO,Woensdrecht,EHWO,719,51.43654,51.46238,4.31046,4.37681,19,,EH,,
EKAB,Arnborg,EKAB,745,56.00799,56.01325,9.00121,9.02882,45,,EK,,
EKGL,Gorlose,EKGL,716,55.88152,55.88856,12.21481,12.23807,16,,EK,,
EKKL,Kalundborg,EKKL,700,55.69881,55.70171,11.2384,11.26378 ,0,,EK,,
EKKS,Kongsted,EKKS,740,55.248,55.25512,12.05093,12.07903 ,40,,EK,,
EKLV,Lemvig Flyveklub,EKLV,730,56.5001,56.50646,8.29957,8.32461,30,,EK,,
EKMB,Maribo Airport,EKMB,705,54.69626,54.70184,11.42468,11.45234,5,,EK,EKMB|TorebyLL,
EKHG,Skinderholm,EKHG,751,56.181511,56.188975,9.0250,9.0550,51,,EK,,
EKSL,Slaglille,EKSL,734,55.44932,55.45537,11.6312,11.65685,34,,EK,,
TRUE,True,True,768,56.17536,56.18217,10.06477,10.08825 ,68,,EK,,
EKVH,Vesthimmerland Flyveplads,EKVH,736,56.8387,56.85077,9.44546,9.47129 ,36,,EK,,
EKSP,Vojens Skrydstrup,EKSP,741,55.21296,55.22814,9.234375,9.29724 ,41,,EK,,
ELUS,Useldange,ELUS|Useldange,983,49.76309,49.77372,5.95041,5.98131 ,283,,EL,Useldange,
ENSM,Elverum / Starmoen,ENSM,901,60.86937,60.88514,11.65328,11.6916,201,,EN,,ne fonctionne plus depuis 2004
EPLS,Leszno Strzyzewice,EPLS,794,51.82579,51.84613,16.50286,16.5429,94,,EP,,
EPLU,Lubin,EPLU,856,51.41575,51.43126,16.17909,16.21055,156,,EP,,
EPLR,Lublin Radawiec,EPLR,940,51.21496,51.22867,22.38071,22.41239,240,,EP,,
EPKP,Pobiednik,EPKP,901,50.0829,50.09477,20.19089,20.21312 ,201,,EP,,
EPOP,Polska Nowa Wies,EPOP,888,50.62521,50.63955,17.76729,17.793 ,188,,EP,,
EPZR,Zar,EPZR,1093,49.76534,49.77856,19.20728,19.2293,393,,EP,,
ESGI,Alingsas,ESGI,771,57.94434,57.95415,12.572,12.579,71,,ES,,
ESGC,Alleberg,ESGC|Alleberg,1031,58.13057,58.13934,13.59554,13.6091,331,,ES,ESGC,
ESQO,Arboga,ESQO,710,59.37763,59.39992,15.89671,15.93722,10,,ES,,
ESGE,Boras Viared,ESGE,874,57.69142,57.69951,12.83719,12.85215,174,,ES,,
ESSD,Borlange,ESSD,853,60.40585,60.43835,15.4701,15.55001,153,,ES,,il ya aussi un ESSD2
ESKD,Dala Jarna,ESKD,935,60.54754,60.56577,14.36361,14.39129,235,,ES,,
ESSC,Eskilstuna,ESSC,713,59.37518,59.39293,16.42153,16.46526,13,,ES,,
ESGK,Falkoping,ESGK,939,58.16011,58.17705,13.57348,13.59734,239,,ES,,
ESSX,Johannisberg,ESSX,709,59.56728,59.58799,16.47721,16.52352 ,9,,ES,,ne fonctionne plus depuis septembre 2015
KRONO,Kronobergshed,Kronobhed,884,56.96932,56.98165,14.56215,14.57078 ,184,,ES,,
ESVL,Langtora,ESVL,714,59.74388,59.75097,17.13373,17.15618 ,14,,ES,,
MOTAL,Motala,Motala,803,58.48264,58.49727,15.0946,15.10747,103,,ES,,
OTTSJO,Ottsjö,Ottsjo,1200,63.1862,63.24159,12.90818,13.16206 ,500,,ES,,ne fonctionne plus avril 2016
ESKC,Sundbro,ESKC,722,59.91515,59.92899,17.523,17.548 ,22,,ES,,
ESSZ,Vangso,ESSZ,717,59.09656,59.10546,17.20024,17.22153 ,17,,ES,,
FATP,New Tempe,FATP,2086,-29.05145,-29.02569,26.1508,26.17518 ,1386,,FA,,Attêt des vérifications sous https://ogn.peanutpod.de
FAPS,Potchefstroom,FAPS,2078,27.0785951614,27.0912927389,-26.6609979233,-26.6793145454,1378,,FA,,
FYKH,Kiripotib,FYKH,2064,-23.3462,-23.32339,17.93251,17.95517 ,1364,,FY,,
LEFM,Fuentemilanos,LEFM,1700,40.88192,40.8949,-4.24509,-4.23271,1000,,LE,,
LECD,La Cerdanya,LECD,1800,42.38275,42.39099,1.85386,1.87202 ,1100,,LE,,
LELT,Lillo,LELT,1381,39.71342,39.7204,-3.32882,-3.31273,681,,LE,,
LEOC,Ocana,LEOC,1435,39.93532,39.93942,-3.50955,-3.49153 ,735,,LE,,
LECI,Santa Cilia,LECI1,1391,42.56576,42.57189,-0.73705,-0.7189,691,,LE,,
LFOI,Abbeville,LFOI,767,50.13,50.15,1.8,1.86,67,,LF,,
LFDA,Aire sur L'adour,LFDA,781,43.70396,43.71272,-0.25687,-0.23764,81,,LF,,
LFAQ,Albert Bray,LFAQ,811,49.9649,49.97537,2.67074,2.71765,111,,LF,,
LFAY,Amiens Glisy,LFAY,763,49.8679,49.87699,2.37495,2.4011,63,,LF,,
LFJR,Angers Marce,LFJR|LFJR2,752,47.54773,47.57006,-0.34228,-0.28048,52,,LF,LFJR,
LFBU,Angoulême Brie-Champniers,LFBU,833,45.72601,45.73276,0.20141,0.23725,133,,LF,,
LFCH,Arcachon La Teste de Buch,LFCH,716,44.58919,44.60001,-1.1248,-1.10139,16,,LF,,
LFEG,Argenton Sur Creuse,LFEG|LFEG2,900,46.58849,46.60363,1.58867,1.61369,200,,LF,/,
LFNJ,Aspres sur Buech,LFNJ,1531,44.51014,44.52235,5.731327,5.74493,831,,LF,,
LFHO,Aubenas,LFHO,981,44.53541,44.55577,4.36385,4.37671,281,,LF,,
LFJF,Aubenasson,LFJF,946,44.6919,44.69791,5.1415,5.15929,246,,LF,,
LFDH,Auch,LFDH,825,43.67024,43.69876,0.59184,0.60711,125,,LF,,
LFLA,Auxerre Branches,LFLA,853,47.83743,47.86672,3.48275,3.51065,153,,LF,,
LFNT,Avignon Pujaut,LFNT,745,43.98762,44.00531,4.74227,4.76744,45,,LF,,
LFCB,Bagneres De Luchon,LFCB,1318,42.79324,42.80681,0.596734,0.60394,618,,LF,,
LFFL,Bailleau Armenonville,LFFL,855,48.51097,48.52369,1.6242,1.64514,155,,LF,,
LFMR,Barcelonnette Saint Pons,LFMR,1832,44.38474,44.38959,6.5981,6.61748,1132,,LF,,
LFGG,Belfort Chaux,LFGG,1117,47.6936,47.70828,6.82484,6.83608,417,,LF,,
LFBS,Biscarrosse Parentis,LFBS,730,44.36031,44.37097,-1.14672,-1.1217,30,,LF,,
LFOQ,Blois Le Breuil,LFOQ,821,47.66765,47.68417,1.19751,1.21841,121,,LF,,
LFCS,Bordeaux Leognan Saucats,LFCS,759,44.69173,44.70616,-0.60316,-0.58913,59,,LF,,
LFHS,Bourg Ceyzeriat,LFHS,961,46.19381,46.21038,5.28514,5.29763,261,,LF,,
LFFB,Buno Bonnevaux,LFFB,828,48.34183,48.35605,2.40843,2.43508,128,,LF,,
LFCC,Cahors Lalbenque,LFCC,978,44.34639,44.35779,1.46306,1.48739,278,,LF,,
LFYG,Cambrai Niergnies,LFYG,795,50.1206,50.14626,3.24257,3.27772,95,,LF,,
LFNH,Carpentras,LFNH,820,44.02052,44.03456,5.07444,5.0947,120,,LF,,
LFCX,Castelsarrasin Moissac,LFCX,774,44.08324,44.08992,1.11842,1.13612,74,,LF,,
LFQK,Chalon Ecury Sur Coole,LFQK,797,48.89664,48.91241,4.33942,4.36159,97,,LF,,
LFLE,Chambéry Challes-les-Eaux,LFLE,997,45.55,45.567,5.96,5.99,297,,LF,,
LFOR,Chartres Champhol,LFOR,855,48.45204,48.46295,1.50418,1.53508,155,,LF,,
LFMX,Chateau Arnoux Saint Auban,LFMX,1159,44.04676,44.07041,5.97311,6.03491,459,,LF,,
LFOU,Cholet Le Pontreau,LFOU,835,47.07456,47.08987,-0.88435,-0.86984,135,,LF,,
LFGA,Colmar Houssen,LFGA,891,48.09708,48.12106,7.35027,7.36563,191,,LF,,
LFAD,Compiegne Margny,LFAD,796,49.42662,49.43662,2.79273,2.81065,96,,LF,,
LFID,Condom Valence Sur Baise,LFID,835,43.90587,43.91328,0.37622,0.39397,135,,LF,,
LFPK,Coulommiers Voisins,LFPK,843,48.83033,48.84709,2.98776,3.030938,143,,LF,,
LFGI,Dijon Darois,LFGI,1182,47.37963,47.39091,4.94028,4.95204,482,,LF,,
LFSE,Epinal Dogneville,LFSE|EPINAL,1017,48.20662,48.21596,6.44288,6.45367,317,,LF,LFSE,
LFAS,Falaise Monts-D'eraines,LFAS,856,48.92,48.932,-0.15,-0.12,156,,LF,,
LFMF,Fayence,LFMF,920,43.60377,43.62095,6.6818,6.7127,220,,LF,,
LFNO,Florac Sainte Enimie,LFNO,1631,44.27982,44.29041,3.45091,3.46953,931,,LF,,
LFFK,Fontenay Le Comte,LFFK,724,46.43722,46.44556,-0.80828,-0.78115,24,,LF,,
LFNA,Gap Tallard,LFNA,1300,44.44532,44.46301,6.02482,6.04675,600,,LF,,
LFCQ,Graulhet Montdragon,LFCQ,878,43.76683,43.77108,2.00233,2.01777,178,,LF,,
LFLG,Grenoble Le Versoud,LFLG,920,45.21311,45.22349,5.8385,5.8561,220,,LF,,
HABE,Habere Poche,HPoche,1792,46.26112,46.28147,6.44935,6.47918,1092,,LF,,
LFSH,Haguenau,LFSH,850,48.7874,48.80125,7.80606,7.82395,150,,LF,,
LFHA,Issoire Le Broc,LFHA,1078,45.50682,45.52153,3.26031,3.27027 ,378,,LF,,
LFEK,Issoudun Le Fay,LFEK,862,46.88316,46.89546,2.03041,2.04807 ,162,,LF,,
LFIX,Itxassou,LFIX,885,43.33389,43.33893,-1.43075,-1.41605 ,185,,LF,,
LFFJ,Joinville Mussey,LFFJ,1012,48.38243,48.38745,5.13424,5.15317 ,312,,LF,,
LFMG,La Montagne Noire,LFMG,1148,43.40437,43.41594,1.9799,2.00078 ,448,,LF,,
LAMOT,La Motte du Caire,LaMotteDC,1360,44.31547,44.3328,6.02411,6.03729 ,660,,LF,,
LFRI,La Roche Sur Yon Les Ajoncs,LFRI,791,46.69866,46.70675,-1.39343,-1.36322 ,91,,LF,,
LFKP,La Tour du Pin Cessieu,LFKP,1021,45.55363,45.5611,5.37942,5.39371 ,321,,LF,,
LFSU,Langres Rolampont,LFSU,1120,47.95774,47.97125,5.28878,5.29802 ,420,,LF,,
LFOV,Laval Entrammes,LFOV,801,48.02135,48.04389,-0.75941,-0.72566 ,101,,LF,,
LFEL,Le Blanc,LFEL,815,46.61391,46.62779,1.07668,1.09379 ,115,,LF,,
LFOY,Le Havre Saint-Romain,LFOY,829,49.53,49.55,0.33,0.39,129,,LF,,
LFRM,Le Mans Arnage,LFRM,759,47.93939,47.95926,0.19309,0.2091,59,,LF,,
LFNZ,Le Mazet de Romarin,LFNZ,820,43.76067,43.7817,4.88498,4.90543,120,,LF,,
LFHP,Le Puy Loudes,LFHP,1532,45.07211,45.08963,3.75173,3.77169,832,,LF,,
LFBL,Limoges Bellegarde,LFBL,1096,45.85061,45.8729,1.16936,1.19352,396,,LF,,
LFHJ,Lyon Corbas,LFHJ,899,45.64365,45.66555,4.90281,4.925,199,,LF,,
LFFC,Mantes Cherence,LFFC,856,49.07102,49.09233,1.66177,1.70941,156,,LF,,
LFQJ,Maubeuge Elesmes,LFQJ,838,50.30048,50.321508,4.01924,4.050141,138,,LF,,
LFNB,Mende Brenoux,LFNB,1725,44.49475,44.50815,3.52056,3.5442,1025,,LF,,
LFNC,Mont Dauphin Saint Crepin,LFNC,1603,44.68934,44.71274,6.58174,6.61324,903,,LF,,
LFNQ,Mont Louis La Quillane,LFNQ,2410,42.53683,42.5504,2.1126,2.12695,1710,,LF,,
LFFW,Montaigu St Georges,LFFW,756,46.92784,46.93678,-1.33767,-1.31877,56,,LF,,
LFEM,Montargis Vimory,LFEM,794,47.95531,47.96623,2.6761,2.69436,94,,LF,,
LFBK,Montlucon Gueret,LFBK,1117,46.21057,46.23492,2.35454,2.37252,417,,LF,,
LFHI,Morestel,LFHI,945,45.68329,45.69077,5.44639,5.458396,245,,LF,,
LFPU,Moret Episy,LFPU,777,48.33693,48.34517,2.78864,2.80597,77,,LF,,
LFHY,Moulins Montbeugny,LFHY,979,46.52985,46.54055,3.40822,3.43789,279,,LF,,
LFEZ,Nancy Malzeville,LFEZ,1080,48.71679,48.73132,6.1932,6.21972 ,380,,LF,,
LFCN,Nogaro,LFCN,793,43.76314,43.77772,-0.04825,-0.02481 ,93,,LF,,
LFCO,Oloron Herrere,LFCO,1000,43.15826,43.16922,-0.57303,-0.54985 ,300,,LF,,
LFOZ,Orléans Saint Denis de L'Hôtel,LFOZ,821,47.89231,47.904,2.15426,2.17488 ,121,,LF,,
LFLK,Oyonnax Arbent,LFLK,1235,46.27242,46.28433,5.65976,5.67407 ,535,,LF,,
LFHD,Pierrelatte,LFHD,759,44.38509,44.40885,4.70249,4.72768 ,59,,LF,,
LFRP,Ploermel Loyat,LFRP,772,47.99956,48.00447,-2.38809,-2.37 ,72,,LF,,
LFSV,Pont Saint Vincent,LFSV,1107,48.59432,48.60714,6.0482,6.09133 ,407,,LF,,
LFGO,Pont Sur Yonne,LFGO,771,48.28417,48.29721,3.23484,3.25284 ,71,,LF,,
LFTP,Puimoisson,LFTP,1471,43.86327,43.87234,6.15561,6.17295 ,771,,LF,,
LFNW,Puivert,LFNW,1191,42.90532,42.91614,2.04651,2.06258 ,491,,LF,,
LFQA,Reims Prunay,LFQA,795,49.20463,49.21261,4.14573,4.16903 ,95,,LF,,
LFIL,Rion Des Landes,LFIL,778,43.90782,43.92202,-0.96356,-0.94034 ,78,,LF,,
LFLO,Roanne Renaison,LFLO,1037,46.046,46.0655,3.989,4.009 ,337,,LF,,
LFHE,Romans Saint Paul,LFHE,781,45.05813,45.06804,5.08946,5.10853 ,181,,LF,,
LFYR,Romorantin Pruniers,LFYR,788,47.30269,47.32995,1.66482,1.71065 ,88,,LF,,
LFOP,Rouen Boos,LFOP,855,49.37594,49.39519,1.16121,1.20705 ,155,,LF,,
LFGP,Saint Florentin Cheu,LFGP,808,47.97504,47.98605,3.76027,3.79117,108,,LF,,
LFIM,Saint Gaudens Montrejeau,LFIM,1102,43.101445,43.11346,0.60335,0.63425,402,,LF,,
LFCG,Saint Girons Antichan,LFCG,1119,43.00115,43.01497,1.0968,1.10886,419,,LF,,
LFNL,Saint Martin De Londres,LFNL,880,43.79665 ,43.803141,3.774542,3.78851,180,,LF,,
LFOW,Saint Quentin Roupy,LFOW,799,49.81222,49.82094,3.20058,3.21223,99,,LF,,
LFSS,Saint Sulpice des Landes,LFSS,790,47.78572,47.79688,-1.65293,-1.62362,90,,LF,,
LFPZ,Saint-Cyr L'École,LFPZ,814,48.8 ,48.82,2.05,2.08,114,,LF,,
LFXB,Saintes Thénac,LFXB|lfxb,736,45.68853,45.71128,-0.64459,-0.62804,36,,LF,lfxb,
LFMY,Salon de Provence,LFMY,759,43.5948,43.62049,5.09466,5.1253,59,,LF,,
LFNE,Salon Eyguieres,LFNE,775,43.6499,43.667,4.99738,5.02272,75,,LF,,
LFGU,Sarreguemines,LFGU,960,49.12211 ,49.135884,7.09235,7.11864,260,,LF,,
LFOD,Saumur Saint Florent,LFOD,782,47.25285,47.26034,-0.12809,-0.10127,82,,LF,,
LFSJ,Sedan Douzy,LFSJ,856,49.65121,49.66333,5.02546,5.04777,156,,LF,,
LFTM,Serres La Batie Montsaleon,LFTM,1410,44.44729,44.46273,5.72268,5.73457,710,,LF,,
LFFZ,Sezanne Saint Remy,LFFZ,808,48.70522,48.71373,3.75299,3.77174,108,,LF,,
LFNS,Sisteron Vaumeilh,LFNS,1240,44.2781,44.29548,5.92347,5.93442,540,,LF,,
LFJS,Soissons Courmelles,LFJS,855,49.34187,49.34806,3.27231,3.29161,155,,LF,,
LFDT,Tarbes Laloubere,LFDT,1028,43.21162,43.21871,0.06887,0.08617 ,328,,LF,,
LFCT,Thouars,LFCT,804,46.95684,46.97078,-0.16245,-0.14613 ,104,,LF,,
LFIT,Toulouse Bourg Saint Bernard,LFIT,860,43.60555,43.61604,1.71585,1.73801 ,160,,LF,,
LFJT,Tours Le Louroux,LFJT,826,47.14304,47.15574,0.70445,0.71771 ,126,,LF,,
LFQB,Troyes Barberey,LFQB,812,48.30495,48.34176,3.98910,4.03897 ,112,,LF,,
LFLU,Valence Chabeuil,LFLU,860,44.90797,44.93593,4.9614,4.97715 ,160,,LF,,
LFHV,Villefranche Tarare,LFHV,1028,45.91153,45.92603,4.62766,4.64318 ,328,,LF,,
LFNF,Vinon,LFNF,975,43.7304,43.74654,5.77138,5.79678,275,,LF,,
LIVD,Dobbiaco,LIVD,1901,46.72403,46.7305,12.21977,12.2447,1201,,LI,,
ENEMO,Enemonzo,Enemonzo,1072,46.40186,46.4081,12.87793,12.89386,372,,LI,,
LIPF,Ferrara,LIPF,706,44.80934,44.8148,11.6048,11.6217,6,,LI,,
LIPU,Padova,LIPU|Padova,714,45.38843,45.40291,11.83741,11.85724 ,14,,LI,Padova,
LISM,San Mauro,LISM,807,46.06639,46.07018,13.36193,13.37508,107,,LI,,
LIDH,Thiene,LIDH,802,45.6678,45.68861,11.49012,11.50059 ,102,,LI,,
LIPN,Verona/Boscomantico,LIPN,791,45.46869,45.47589,10.9174,10.93874 ,91,,LI,,
LJCL,Celje,LJCL,944,46.24226,46.24876,15.21322,15.23165,244,,LJ,,
LJBL,Lesce Bled,LJBL,1204,46.35131,46.36242,14.167422,14.18112,504,,LJ,,
LJMS,Murska Sobota,LJMS,883,46.62142,46.63333,16.16275,16.18247,183,,LJ,,
LKBR,Broumov,LKBR,1100,50.55798090390373,50.56555683393788,16.33552616248122,16.34971999476808,400,,LK,,
LKDK,Dvur Kralove,LKDK,982,50.4118,50.41631,15.82833,15.84573,282,,LK,,
LKVP,Hronov,LKVP,1104,50.46612,50.46978,16.19697,16.21296 ,404,,LK,,
LKKU,Kunovice,LKKU,877,49.01825,49.03964,17.42954,17.44911 ,177,,LK,,
LKMO,Most,LFMO,1031,50.5164,50.53282,13.67608,13.69033,331,,LK,,
LKPL,Plzen-Letkov,LKPL,1119,49.72163,49.72504,13.44711,13.46043 ,419,,LK,,
LKRA,Rana,LKRA,969,50.40246,50.40946,13.73945,13.76037 ,269,,LK,,
LKSU,Sumperk,LKSU,1035,49.95551,49.96463,17.00938,17.02498,335,,LK,,
LKZM,Zamberk,LKZM,1129,50.08008,50.08735,16.43624,16.45073,429,,LK,,
LKZN,Znojmo,LKZN,952,48.81558,48.82013,16.05637,16.07446,252,,LK,,
LLBS,Be'er Sheva Teyman,LLBS,900,31.27552,31.29752,34.71036,34.7371,200,,LL,,
LOXA,Aigen Im Ennstal,LOXA,1340,47.53237,47.53919,14.13251,14.15038,640,,LO,,
LOAB,Dobersberg,LOAB,1224,48.91927,48.92457,15.28944,15.30401,524,,LO,,
LOKF,Feldkirchen-Ossiacher See,LOKF,1220,46.70312,46.71447,14.07115,14.08252,520,,LO,,
LOWG,Graz,LOWG,1400,46.96942,47.01433,15.41786,15.46284,340,,LO,,
LOAG,Krems-Langenlois,LOAG,1012,48.44331,48.44929,15.62442,15.64334 ,312,,LO,,
LOGO,Niederoblarn,LOGO,1352,47.4742,47.48487,13.999,14.0161 ,652,,LO,,
LOLK,Ried-Kirchheim,LOLK,1120,48.2092,48.21527,13.33668,13.3529 ,420,,LO,,
LOAS,Spitzerberg,LOAS,883,48.09325,48.10676,16.9268,16.94188,183,,LO,,
LSTB,Bellechasse,LSTB,1133,46.97636,46.98191,7.12456,7.14001,433,,LS,,
LSGB,Bex,LSGB,1100,46.25354,46.26314,6.98055,6.99175,400,,LS,,
LSZF,Birrfeld,LSZF,1096,47.440314,47.447025,8.22439,8.24281,396,,LS,,
LSZC,Buochs,LSZC|Rigi,1150,46.9642,46.98221,8.37645,8.415847,450,,LS,Rigi,
LSZJ,Courtelary,LSZJ,1385,47.18129,47.18572,7.08527,7.09594,685,,LS,,
LSZN,Hausen Am Albis,LSZN|Heisch,1288,47.23689,47.24043,8.50887,8.52246 ,588,,LS,Heisch,
LSZO,Luzern-Beromunster,LSZO,1354,47.18296,47.19415,8.19432,8.2138,654,,LS,,
LSMF,Mollis,LSMF,1153,47.06714,47.08979,9.05776,9.07188,453,,LS,,
LSTR,Montricher,LSTR,1364,46.5865,46.59423,6.3969,6.40517,664,,LS,,
LSPU,Muenster Goms,LSPU,2028,46.47615,46.48436,8.25469,8.26984,1328,,LS,,
LZNI,Nitra,LZNI,835,48.27188,48.28692,18.12162,18.14258 ,135,,LS,,
LZPT,Partizanske,LZPT,883,48.61460,48.62589,18.31449,18.34140,183,,LS,,
LZPE,Prievidza,LZPE,960,48.75943,48.77225,18.57778,18.59604 ,260,,LS,,
LSPF,Schaffhausen,LSPF,1163,47.68843,47.69239,8.52205,8.53181,463,,LS,,
LSGY,Yverdon-les-Bains,LSGY,1133,46.75775,46.76644,6.60604,6.61939,433,,LS,,
NZOA,Omarama,NZOA|Omarama,1115,-44.49279,-44.47863,169.96722,170.00432 ,415,,NZ,Omarama,
CORDO,Cordoba Juarez Celman,Cordoba,1208,-31.22028,-31.20189,-64.16393,-64.15777 ,508,,SA,,
SCLC,Municipal de Vitacura,SCLC|PoloCL,1386,-33.38209,-33.37841,-70.58694,-70.57349,686,,SC,,
YBSS,Bacchus Marsh,YBSS,858,-37.74409,-37.72142,144.40977,144.44024,158,,YB,,Australie
YBLA,Benalla,YBLA,873,-36.56083,-36.54384,145.99629,146.02635,173,,YB,,Australie
YKEP,Lake Keepit,YKEP,1051,-30.89977,-30.88145,150.51831,150.53365 ,351,,YK,,Australie
YMBT,Mont Beauty,YMBT|Tawonga,1035,-36.73888,-36.71867,147.158,147.17764,335,,YM,YMBT,Australie
YSCN,Camden,YSCN,767,-34.04871,-34.03316,150.67673,150.69763,67,,YS,,Australie
